[ 
  {
    "cognizantId": "123456",
    "associateName": "Piyush Mundada",
    "hcmSupervisorId": "137899",
    "hcmSupervisorName": "Niraj Chourasia",
    "locationId": "BEBCBRUA01",
    "techId": "1",
    "potientialFlagForBilling": "1",
    "isAdmin": "admin",
    "programLead": " ",
    "phoneNumber": "32465295765",
    "technology": "Java",
    "locationName": "Brussels",
    "corpkey": "",
    "ingMailId": "piyush.mundada@mycompany.com",
    "l4ManagerName": "",
    "joiningdate": "2017-07-01",
    "enddate": "2017-12-31",
    "subcontractor": "N",
    "poNumber": "0",
    "rateId": "0",
    "level": "Advanced Beginner",
    "dailyRate": "411"
  },  
  {
    "cognizantId": "111111",
    "associateName": "Siddhant Awati",
    "hcmSupervisorId": "454545",
    "hcmSupervisorName": "Niraj Chourasia",
    "locationId": "BEBCBRUA01",
    "techId": "1",
    "potientialFlagForBilling": "1",
    "isAdmin": "admin",
    "programLead": " ",
    "phoneNumber": "32465295765",
    "technology": "Front End",
    "locationName": "Brussels",
    "corpkey": "ab62hs",
    "ingMailId": "siddhant.awati@mycompany.com",
    "l4ManagerName": "",
    "joiningdate": "2017-07-01",
    "enddate": "2017-12-31",
    "subcontractor": "N",
    "poNumber": "0",
    "rateId": "0",
    "level": "Advanced Beginner",
    "dailyRate": "411"
  },
  {
    "cognizantId": "303030",
    "associateName": "Mangesh Kulkarni",
    "hcmSupervisorId": "101010",
    "hcmSupervisorName": "Alok Chourasia",
    "locationId": "BEBCBRUA01",
    "techId": "1",
    "potientialFlagForBilling": "1",
    "isAdmin": "admin",
    "programLead": " ",
    "phoneNumber": "32465295765",
    "technology": "Java",
    "locationName": "Brussels",
    "corpkey": "",
    "ingMailId": "mangesh.kulkarni@mycompany.com",
    "l4ManagerName": "",
    "joiningdate": "2017-07-01",
    "enddate": "2017-12-31",
    "subcontractor": "N",
    "poNumber": "0",
    "rateId": "0",
    "level": "Advanced Beginner",
    "dailyRate": "411"
  },  
  {
    "cognizantId": "202020",
    "associateName": "Naveen Verma",
    "hcmSupervisorId": "181818",
    "hcmSupervisorName": "Niraj Chourasia",
    "locationId": "BEBCBRUA01",
    "techId": "1",
    "potientialFlagForBilling": "1",
    "isAdmin": "admin",
    "programLead": " ",
    "phoneNumber": "32465295765",
    "technology": "Performance",
    "locationName": "Brussels",
    "corpkey": "",
    "ingMailId": "naveen.verma@mycompany.com",
    "l4ManagerName": "",
    "joiningdate": "2017-07-01",
    "enddate": "2017-12-31",
    "subcontractor": "N",
    "poNumber": "0",
    "rateId": "0",
    "level": "Advanced Beginner",
    "dailyRate": "411"
  },
  {
    "cognizantId": "404044",
    "associateName": "Vivek Patil",
    "hcmSupervisorId": "330033",
    "hcmSupervisorName": "Niraj Chourasia",
    "locationId": "BEBCBRUA01",
    "techId": "1",
    "potientialFlagForBilling": "1",
    "isAdmin": "admin",
    "programLead": " ",
    "phoneNumber": "32465295765",
    "technology": "Java",
    "locationName": "Brussels",
    "corpkey": "",
    "ingMailId": "vivek.patil@mycompany.com",
    "l4ManagerName": "",
    "joiningdate": "2017-07-01",
    "enddate": "2017-12-31",
    "subcontractor": "N",
    "poNumber": "0",
    "rateId": "0",
    "level": "Advanced Beginner",
    "dailyRate": "411"
  },  
  {
    "cognizantId": "404444",
    "associateName": "Neha Agrawal",
    "hcmSupervisorId": "151515",
    "hcmSupervisorName": "Alok Chourasia",
    "locationId": "BEBCBRUA01",
    "techId": "1",
    "potientialFlagForBilling": "1",
    "isAdmin": "admin",
    "programLead": " ",
    "phoneNumber": "32465295765",
    "technology": "Java",
    "locationName": "Brussels",
    "corpkey": "",
    "ingMailId": "neha.agrawal@mycompany.com",
    "l4ManagerName": "",
    "joiningdate": "2017-07-01",
    "enddate": "2017-12-31",
    "subcontractor": "N",
    "poNumber": "0",
    "rateId": "0",
    "level": "Advanced Beginner",
    "dailyRate": "411"
  },
  {
    "cognizantId": "252525",
    "associateName": "Sangeeta Mishra",
    "hcmSupervisorId": "220022",
    "hcmSupervisorName": "Niraj Chourasia",
    "locationId": "BEBCBRUA01",
    "techId": "1",
    "potientialFlagForBilling": "1",
    "isAdmin": "admin",
    "programLead": " ",
    "phoneNumber": "32465295765",
    "technology": "Full Stack",
    "locationName": "Brussels",
    "corpkey": "",
    "ingMailId": "sangeeta.mistra@mycompany.com",
    "l4ManagerName": "",
    "joiningdate": "2017-07-01",
    "enddate": "2017-12-31",
    "subcontractor": "N",
    "poNumber": "0",
    "rateId": "0",
    "level": "Advanced Beginner",
    "dailyRate": "411"
  },  
  {
    "cognizantId": "424242",
    "associateName": "Priyanka Gujar",
    "hcmSupervisorId": "343434",
    "hcmSupervisorName": "Alok Chourasia",
    "locationId": "BEBCBRUA01",
    "techId": "1",
    "potientialFlagForBilling": "1",
    "isAdmin": "admin",
    "programLead": " ",
    "phoneNumber": "32465295765",
    "technology": "Performance",
    "locationName": "Brussels",
    "corpkey": "",
    "ingMailId": "priyanka.gujar@mycompany.com",
    "l4ManagerName": "",
    "joiningdate": "2017-07-01",
    "enddate": "2017-12-31",
    "subcontractor": "N",
    "poNumber": "0",
    "rateId": "0",
    "level": "Advanced Beginner",
    "dailyRate": "411"
  },
  {
    "cognizantId": "212121",
    "associateName": "Priyanka Moghe",
    "hcmSupervisorId": "242123",
    "hcmSupervisorName": "Alok Chourasia",
    "locationId": "BEBCBRUA01",
    "techId": "1",
    "potientialFlagForBilling": "1",
    "isAdmin": "admin",
    "programLead": " ",
    "phoneNumber": "32465295765",
    "technology": "Java",
    "locationName": "Brussels",
    "corpkey": "",
    "ingMailId": "priyanka.moghe@mycompany.com",
    "l4ManagerName": "",
    "joiningdate": "2017-07-01",
    "enddate": "2017-12-31",
    "subcontractor": "N",
    "poNumber": "0",
    "rateId": "0",
    "level": "Lead",
    "dailyRate": "411"
  },  
  {
    "cognizantId": "333330",
    "associateName": "Niraj Chourasia",
    "hcmSupervisorId": "200001",
    "hcmSupervisorName": "Alok Chourasia",
    "locationId": "BEBCBRUA01",
    "techId": "1",
    "potientialFlagForBilling": "1",
    "isAdmin": "admin",
    "programLead": " ",
    "phoneNumber": "32465295765",
    "technology": "Lead",
    "locationName": "Brussels",
    "corpkey": "",
    "ingMailId": "niraj.chourasia@mycompany.com",
    "l4ManagerName": "",
    "joiningdate": "2017-07-01",
    "enddate": "2017-12-31",
    "subcontractor": "N",
    "poNumber": "0",
    "rateId": "0",
    "level": "Lead",
    "dailyRate": "411"
  }
  
]  